{
  "accuracy": 0.9981818181818182,
  "precision": 1.0,
  "recall": 0.9963636363636363,
  "f1": 0.9981785063752276
}